Exchange Date,Open,Return,Missing
13-Mar-2020,5722.46,-27.53%,3
17-Jan-2018,10711.36,-23.04%,5
14-Jun-2022,23206.48,-16.71%,5
06-Feb-2018,7102.85,-16.11%,2
28-Jun-2019,10681,-16.05%,2
10-Nov-2022,15810,-15.45%,4
24-May-2021,32576.91,-14.43%,4
19-Jun-2022,17780.08,-13.83%,1
20-Nov-2018,4784.47,-13.44%,1
24-Feb-2021,47954.71,-12.73%,3
22-Feb-2018,10273.01,-12.20%,2
22-May-2021,35208.5,-12.11%,
12-Jan-2021,33933.36,-12.09%,
11-May-2020,8493.48,-11.97%,
15-Nov-2018,5545.35,-11.87%,
25-Sep-2019,8617.9,-11.70%,
11-Jun-2018,6740,-11.65%,
04-May-2020,8843,-11.57%,
20-May-2021,38311.29,-11.53%,
22-Jan-2018,11451.99,-11.36%,
22-Jan-2022,36684.13,-11.21%,
17-Jul-2019,9594.75,-11.15%,
22-Jan-2021,31182.37,-10.66%,
05-Jun-2019,7648,-10.56%,
25-Nov-2018,3805.51,-10.55%,
10-May-2022,30940.5,-10.31%,
30-Mar-2018,7100,-10.07%,
31-Jan-2018,10082,-9.95%,
08-Sep-2021,46808.79,-9.85%,
23-Jun-2018,6067.5,-9.70%,
14-Sep-2022,20234,-9.66%,
27-Nov-2020,17047.31,-9.66%,
23-Jan-2018,10350,-9.62%,
09-Nov-2022,18700,-9.59%,
20-Aug-2022,21198.24,-9.49%,
14-May-2021,49305.39,-9.48%,
21-Nov-2018,4334.28,-9.41%,
11-Jan-2019,3630.32,-9.33%,
05-Dec-2021,48753.67,-9.11%,
02-Feb-2018,9090,-8.75%,
19-Apr-2021,55550,-8.74%,
21-Sep-2021,43527.56,-8.66%,
06-May-2022,36408.95,-8.52%,
29-May-2021,35208.55,-8.52%,
05-Apr-2019,4850,-8.46%,
15-Mar-2018,8300,-8.41%,
12-May-2022,28410.42,-8.31%,
24-Oct-2019,7487.69,-8.23%,
27-Nov-2021,54003.17,-8.23%,
09-Aug-2018,6311.71,-8.22%,
14-Jul-2019,10908.44,-8.17%,
10-Mar-2023,20222,-8.11%,
05-Apr-2018,6799.37,-8.06%,
18-Mar-2018,7834.56,-8.01%,
01-Mar-2021,43177.77,-7.85%,
08-Mar-2018,9936.81,-7.82%,
18-Feb-2022,40686.07,-7.71%,
07-Sep-2018,6432.11,-7.70%,
18-May-2019,7091.5,-7.67%,
18-Jan-2021,35797.97,-7.67%,
26-Jun-2021,32190.44,-7.66%,
12-Apr-2022,39821.77,-7.63%,
25-Feb-2019,3861.9,-7.58%,
28-Mar-2020,6239.49,-7.44%,
05-Feb-2018,8466.39,-7.43%,
27-Mar-2018,7910,-7.41%,
12-May-2018,8421.36,-7.39%,
17-Mar-2020,4896,-7.34%,
01-Jul-2022,18723.73,-7.26%,
12-Jan-2018,13464.11,-7.18%,
26-Dec-2018,3784.65,-6.88%,
01-Feb-2021,32302.81,-6.87%,
14-Dec-2021,46820.25,-6.86%,
22-Jun-2021,32568.17,-6.77%,
02-Jun-2022,29627,-6.74%,
07-Mar-2018,10780.26,-6.73%,
29-Dec-2021,47573.75,-6.70%,
15-Aug-2019,10155.71,-6.53%,
27-Feb-2020,8772.8,-6.51%,
16-Jan-2021,36250.27,-6.50%,
02-May-2023,27668,-6.50%,
05-Mar-2022,39377.66,-6.39%,
13-Mar-2018,9020.32,-6.36%,
02-Jul-2019,10473.89,-6.30%,
27-Apr-2019,5146.6,-6.29%,
24-May-2018,7591.99,-6.22%,
22-Nov-2019,7584.56,-6.22%,
23-Apr-2021,51600,-6.15%,
01-Dec-2018,3933.76,-6.15%,
09-Mar-2018,9327.26,-6.13%,
09-Mar-2020,8342.9,-6.12%,
11-Mar-2022,39326.89,-6.10%,
12-Nov-2022,16722,-6.04%,
05-Mar-2021,47895.14,-6.00%,
22-Sep-2021,40921.25,-5.99%,
19-Jun-2021,35495.38,-5.96%,
17-May-2019,7680.73,-5.93%,
06-Jul-2019,11028.7,-5.92%,
08-Dec-2018,3383.11,-5.88%,
17-May-2021,45410.48,-5.87%,
10-Mar-2020,7853.34,-5.87%,
03-Feb-2018,8561.81,-5.81%,
09-Jan-2018,14938.37,-5.75%,
06-Jan-2022,43575.39,-5.74%,
06-Jun-2023,25643,-5.73%,
05-Jan-2021,31025.6,-5.72%,
04-Dec-2021,53639,-5.72%,
04-Dec-2018,3870.55,-5.66%,
01-Aug-2018,7685.41,-5.63%,
05-Aug-2018,6981.98,-5.57%,
14-Dec-2018,3250.03,-5.56%,
16-Mar-2021,56412.5,-5.54%,
11-Jan-2021,38598.03,-5.53%,
22-May-2020,9060,-5.50%,
08-Feb-2021,37902.82,-5.48%,
03-Sep-2020,11370.56,-5.46%,
23-Nov-2021,56269.28,-5.46%,
12-Aug-2020,11208,-5.45%,
03-Aug-2021,38835.43,-5.45%,
22-Nov-2022,15629.75,-5.42%,
15-Jun-2022,21956.13,-5.39%,
27-Jul-2022,20978.45,-5.35%,
12-Jun-2020,9338.51,-5.34%,
06-Sep-2018,6968.8,-5.33%,
17-Nov-2021,60479.48,-5.32%,
12-Jul-2019,11153,-5.29%,
20-Feb-2020,9620.73,-5.25%,
10-Dec-2021,47981.04,-5.24%,
22-Aug-2019,10144.35,-5.24%,
03-Aug-2020,11231.5,-5.21%,
01-Jul-2019,11178.21,-5.19%,
04-Sep-2020,10782.45,-5.17%,
11-Apr-2020,6921.43,-5.17%,
28-Dec-2018,3581.05,-5.14%,
28-Oct-2021,58908.09,-5.12%,
27-Apr-2022,38122.08,-5.10%,
11-Nov-2021,64265.8,-5.09%,
12-Oct-2018,6299.8,-5.08%,
27-Sep-2019,8088.4,-5.06%,
11-Jul-2019,11776,-5.05%,
04-Mar-2023,22244,-5.04%,
22-Oct-2021,62668.5,-5.04%,
15-Mar-2020,5290.26,-5.03%,
09-Jul-2021,32819,-4.96%,
21-Jan-2019,3518.44,-4.95%,
27-Feb-2021,45661.75,-4.95%,
23-Mar-2020,6021,-4.93%,
03-Feb-2022,36905.15,-4.90%,
06-Sep-2020,10091.49,-4.89%,
11-Feb-2021,45020.08,-4.88%,
25-Jul-2019,9644.5,-4.85%,
14-Aug-2019,10865.55,-4.81%,
10-Apr-2018,6653.92,-4.79%,
10-Feb-2023,21858,-4.79%,
23-Jun-2022,19844.51,-4.78%,
11-Aug-2018,6184.32,-4.78%,
23-Mar-2021,54580,-4.74%,
15-Jan-2018,13500.04,-4.73%,
13-Jul-2022,19446,-4.73%,
29-Aug-2019,9663.5,-4.69%,
06-Jul-2021,33851,-4.69%,
09-May-2023,27556,-4.68%,
27-Aug-2022,20651.43,-4.62%,
12-Apr-2019,5055.02,-4.57%,
19-Mar-2018,7480.44,-4.52%,
23-Feb-2021,54948.2,-4.49%,
11-Dec-2018,3397.3,-4.48%,
04-Mar-2022,42067.27,-4.47%,
06-Dec-2018,3722.6,-4.47%,
17-Jun-2022,20671.31,-4.46%,
27-Oct-2019,9246.08,-4.43%,
07-Apr-2022,43878.13,-4.36%,
01-Jul-2021,34576.96,-4.35%,
16-May-2020,9238.74,-4.33%,
21-Jan-2021,34903.15,-4.33%,
13-May-2021,54469.4,-4.28%,
05-Jun-2021,37052.46,-4.26%,
26-Mar-2018,8543.26,-4.26%,
25-Feb-2018,9499.33,-4.25%,
18-Sep-2018,6209.73,-4.22%,
09-Sep-2018,6171.42,-4.21%,
11-Aug-2019,11355.4,-4.21%,
19-Nov-2021,57592.09,-4.20%,
14-Jun-2018,6258.76,-4.16%,
21-Apr-2020,6862,-4.16%,
21-Feb-2022,38274.38,-4.14%,
14-Apr-2020,6825.25,-4.14%,
11-Jul-2018,6386.15,-4.14%,
26-Aug-2020,11257.68,-4.12%,
09-Nov-2019,8830.6,-4.07%,
13-Aug-2021,44474.02,-4.05%,
08-Jun-2021,34441.65,-4.04%,
26-Apr-2018,9066.66,-4.00%,
15-Jul-2019,10479,-3.94%,
17-Apr-2018,7990.34,-3.92%,
24-Nov-2018,4254.17,-3.91%,
25-Sep-2021,42964.38,-3.90%,
17-Dec-2022,16721.5,-3.86%,
19-Nov-2019,8215.47,-3.86%,
20-Apr-2023,29247,-3.86%,
07-Sep-2022,18979,-3.84%,
10-Aug-2022,23146,-3.83%,
16-Feb-2020,9921.9,-3.82%,
11-May-2021,55307.46,-3.79%,
28-Jul-2019,9452,-3.79%,
01-Jan-2019,3674,-3.76%,
30-Jan-2018,11196.55,-3.76%,
29-Jan-2019,3415.46,-3.75%,
21-May-2022,29099.22,-3.75%,
26-Mar-2021,51990.47,-3.75%,
10-Mar-2018,8981.78,-3.70%,
26-Sep-2018,6378.63,-3.70%,
23-May-2018,8095.49,-3.67%,
22-Dec-2018,3846.97,-3.65%,
10-Jun-2019,7683,-3.65%,
18-Dec-2019,6617.5,-3.63%,
05-May-2021,54751.93,-3.63%,
03-Jan-2020,6955.81,-3.61%,
09-Jun-2022,30181.77,-3.61%,
31-Mar-2018,6844.04,-3.61%,
22-Sep-2020,10497,-3.60%,
01-Dec-2019,7486.25,-3.60%,
17-Jun-2021,38520.99,-3.60%,
31-Jan-2023,22747.5,-3.60%,
26-May-2021,37626.53,-3.58%,
21-Apr-2023,28203,-3.57%,
23-Jan-2022,35379.09,-3.56%,
09-May-2022,34497.78,-3.55%,
25-Jun-2020,9289.17,-3.54%,
10-May-2020,9648,-3.52%,
05-Aug-2022,22513.08,-3.48%,
08-Apr-2021,56224.08,-3.46%,
13-Oct-2021,55358.16,-3.45%,
07-Dec-2018,3594.45,-3.44%,
23-Nov-2019,7324.46,-3.43%,
23-Feb-2018,9921.19,-3.42%,
01-Sep-2021,47003,-3.41%,
02-Jul-2021,33408.91,-3.38%,
12-Nov-2019,8729.74,-3.38%,
27-Aug-2021,47028.5,-3.37%,
13-Jun-2018,6530.41,-3.37%,
26-Nov-2018,3677.78,-3.36%,
22-Apr-2023,27259,-3.35%,
13-Jul-2021,32837.5,-3.34%,
19-May-2021,43303.5,-3.33%,
10-Jun-2023,25769.25,-3.32%,
30-Apr-2022,38549.99,-3.32%,
15-Aug-2018,6070.35,-3.31%,
05-Dec-2020,18816.49,-3.31%,
18-Apr-2023,29460,-3.31%,
06-Jun-2021,35827.47,-3.31%,
12-Oct-2019,8296,-3.30%,
16-May-2018,8519.12,-3.30%,
15-Apr-2022,39907.21,-3.29%,
11-Jun-2022,29162.79,-3.28%,
25-Feb-2023,23097.03,-3.27%,
09-Dec-2018,3273.24,-3.25%,
21-Jun-2021,34932.68,-3.25%,
17-Dec-2019,6867,-3.22%,
25-May-2020,8937.49,-3.21%,
01-Apr-2022,45773.92,-3.20%,
28-May-2018,7286.99,-3.20%,
23-Mar-2018,8599,-3.20%,
24-Sep-2022,18631,-3.20%,
14-Feb-2018,8542.39,-3.19%,
22-Apr-2021,54982.7,-3.17%,
16-Jul-2021,31756,-3.16%,
22-Feb-2022,37064.7,-3.16%,
18-Jan-2022,41730.45,-3.15%,
29-Jun-2022,20240.53,-3.14%,
23-May-2019,7836,-3.14%,
28-Jan-2021,31001.12,-3.14%,
23-Oct-2021,60714.84,-3.12%,
12-May-2023,27007.75,-3.11%,
25-Aug-2019,10040,-3.09%,
11-Feb-2018,8277.34,-3.08%,
28-Aug-2022,20019.75,-3.06%,
08-Mar-2022,37826.79,-3.05%,
13-Jun-2021,36002.13,-3.05%,
15-Mar-2021,59718.75,-3.03%,
08-Mar-2020,8887.07,-3.03%,
02-Jan-2018,13500.75,-3.02%,
14-Jan-2019,3517.31,-3.02%,
24-Jul-2022,22328.75,-3.02%,
04-Jan-2022,45974.41,-3.01%,
24-Sep-2020,10222.5,-3.00%,
25-May-2023,26400,-3.00%,
20-Jan-2020,8648.25,-2.99%,
24-Jan-2020,8387.25,-2.97%,
21-Jul-2021,29859,-2.97%,
27-Jan-2018,10918,-2.96%,
28-Mar-2023,27044.25,-2.93%,
09-May-2018,9147.5,-2.92%,
25-Feb-2020,9614.6,-2.92%,
03-Mar-2021,47435.16,-2.91%,
19-May-2022,29204.75,-2.91%,
29-Oct-2020,13221.53,-2.90%,
26-May-2019,7873.7,-2.89%,
08-Jan-2022,41865.27,-2.89%,
10-Jan-2018,14510.14,-2.87%,
28-Jun-2020,8944.49,-2.86%,
13-Jul-2018,6173.9,-2.85%,
25-Nov-2019,7076.74,-2.85%,
21-Sep-2022,18966.82,-2.83%,
15-Dec-2018,3157.98,-2.83%,
24-Jan-2021,32384.25,-2.78%,
12-Feb-2022,42556.96,-2.78%,
27-Jun-2021,31296.3,-2.78%,
21-Mar-2022,41042.68,-2.75%,
31-Oct-2019,9186.25,-2.72%,
30-May-2021,34255.91,-2.71%,
06-Jul-2018,6504.6,-2.69%,
02-May-2018,9016.74,-2.69%,
23-Mar-2023,27400,-2.67%,
30-Apr-2021,52990.27,-2.67%,
12-Jun-2022,28384.75,-2.67%,
10-Jan-2020,7791,-2.66%,
14-Mar-2020,5570.19,-2.66%,
08-Nov-2022,20682.75,-2.66%,
20-Jul-2021,30772.25,-2.65%,
02-Aug-2018,7482.34,-2.64%,
21-Mar-2020,6087.6,-2.64%,
02-Aug-2022,23119.82,-2.64%,
17-May-2018,8296.07,-2.62%,
11-Sep-2021,45052,-2.62%,
26-Apr-2021,49652.95,-2.61%,
20-Aug-2020,11715.25,-2.59%,
10-May-2021,57487.75,-2.58%,
16-Oct-2019,8145.5,-2.57%,
22-Dec-2020,23135,-2.57%,
16-Jan-2019,3568.34,-2.57%,
15-Dec-2019,7071.25,-2.54%,
15-Mar-2019,3852.86,-2.54%,
18-Dec-2021,46873.16,-2.53%,
19-Jan-2023,20777,-2.52%,
19-Mar-2019,3971.16,-2.51%,
30-Oct-2018,6239.92,-2.50%,
08-Oct-2022,19551,-2.49%,
25-Mar-2023,27629.03,-2.48%,
20-Jan-2018,11350,-2.48%,
16-Dec-2022,17393.5,-2.45%,
31-Dec-2018,3817.49,-2.45%,
28-May-2022,28737.43,-2.44%,
05-Mar-2019,3699.68,-2.44%,
23-Apr-2022,39624.5,-2.42%,
17-Oct-2021,60999.09,-2.42%,
19-Aug-2020,12026.24,-2.42%,
26-Feb-2020,9383.34,-2.41%,
25-Apr-2019,5435,-2.39%,
26-Jul-2022,22164.54,-2.39%,
18-Aug-2022,23405,-2.39%,
19-Mar-2020,5334.44,-2.39%,
06-Feb-2023,22856,-2.38%,
10-Dec-2019,7351.83,-2.38%,
09-Jun-2021,33624.61,-2.37%,
30-Jun-2018,5899.3,-2.36%,
01-Jun-2023,27116.28,-2.36%,
11-Feb-2020,9861.48,-2.35%,
08-Aug-2020,11575,-2.34%,
18-Aug-2021,44975.26,-2.34%,
25-Aug-2021,48350,-2.33%,
22-Feb-2023,24202,-2.31%,
16-Jun-2018,6505.56,-2.29%,
04-Mar-2020,8737,-2.29%,
07-May-2023,28851,-2.29%,
04-Jan-2019,3794.5,-2.29%,
24-May-2022,29307.99,-2.28%,
09-Aug-2019,11591.14,-2.26%,
05-Nov-2021,61349.36,-2.25%,
19-May-2023,26723,-2.24%,
31-Jul-2022,23775.67,-2.23%,
07-May-2018,9514.59,-2.23%,
14-Jan-2022,42815.49,-2.23%,
29-Oct-2019,9458,-2.22%,
26-Mar-2020,6603.13,-2.20%,
17-Apr-2021,62006.83,-2.20%,
31-May-2018,7332.22,-2.19%,
17-Dec-2021,48091.97,-2.19%,
08-Jun-2023,26362.92,-2.19%,
27-Jan-2023,23080,-2.17%,
31-Dec-2019,7240.48,-2.16%,
02-Dec-2019,7324.5,-2.16%,
11-Jul-2022,20827.46,-2.16%,
19-Sep-2022,19645.75,-2.16%,
29-Sep-2021,41771.58,-2.15%,
17-Nov-2022,16529,-2.13%,
22-Aug-2020,11613.07,-2.12%,
01-Mar-2018,10533.68,-2.11%,
24-Sep-2019,9760.25,-2.11%,
05-Dec-2019,7179.68,-2.10%,
27-Jan-2021,32005.74,-2.09%,
31-May-2019,8462,-2.09%,
30-Sep-2019,7995.55,-2.08%,
26-Mar-2019,3890.74,-2.08%,
02-Oct-2022,19274.25,-2.08%,
04-Aug-2018,7393.51,-2.07%,
04-Apr-2023,27592,-2.06%,
14-Feb-2020,10173.48,-2.06%,
22-Mar-2021,57298.75,-2.05%,
24-Apr-2021,50543.35,-2.05%,
16-Nov-2019,8476.45,-2.04%,
04-Feb-2020,9269.25,-2.02%,
28-Aug-2020,11280.82,-2.02%,
18-Jun-2021,37743.41,-2.02%,
01-Dec-2021,57148.75,-2.02%,
02-Apr-2020,6345.37,-2.01%,
12-Jul-2022,20411.5,-2.00%,
15-Aug-2021,46665,-1.99%,
17-Oct-2020,11312,-1.99%,
04-Aug-2021,38062.45,-1.99%,
22-Apr-2022,40607.75,-1.98%,
13-Mar-2019,3864.2,-1.98%,
23-Aug-2018,6326.41,-1.97%,
17-Aug-2018,6249.38,-1.97%,
29-Nov-2022,16195,-1.96%,
10-Jul-2020,9241.47,-1.96%,
17-Oct-2019,7986,-1.96%,
15-Sep-2019,10245.95,-1.95%,
08-Nov-2020,15245.12,-1.94%,
14-Oct-2018,6195.67,-1.94%,
30-Aug-2020,11280.82,-1.93%,
05-Jun-2018,7528.9,-1.92%,
16-May-2021,48242.95,-1.92%,
19-Jun-2019,9122.75,-1.91%,
04-Jun-2022,29638,-1.90%,
07-Oct-2020,10545.16,-1.85%,
13-Jun-2022,27861.85,-1.84%,
19-Aug-2018,6360.64,-1.84%,
29-Mar-2020,6125.23,-1.83%,
12-Apr-2020,6794.71,-1.83%,
18-Apr-2021,60873.07,-1.83%,
31-Aug-2018,6914.27,-1.83%,
24-Jul-2019,10135.85,-1.83%,
21-Aug-2022,20813,-1.82%,
10-Aug-2020,11639,-1.80%,
15-May-2019,7720.25,-1.80%,
21-Sep-2020,10889.39,-1.79%,
21-Feb-2019,3913.61,-1.78%,
08-Apr-2020,7113.37,-1.78%,
09-Apr-2022,42791.21,-1.77%,
11-Dec-2019,7222,-1.77%,
16-Apr-2019,5020.75,-1.77%,
06-Oct-2022,19986,-1.75%,
07-Apr-2018,6599.87,-1.75%,
19-Feb-2022,39978.1,-1.74%,
08-Jun-2020,9535.75,-1.72%,
14-Sep-2020,10263,-1.71%,
13-Aug-2018,6306.04,-1.71%,
03-Jul-2020,9082,-1.71%,
02-Dec-2020,19054,-1.70%,
28-Apr-2018,8970.01,-1.70%,
26-May-2018,7448.34,-1.70%,
23-Aug-2022,21118,-1.69%,
01-Feb-2020,9383.8,-1.69%,
05-Jul-2020,8944.49,-1.68%,
26-Jan-2020,8370.25,-1.68%,
02-Mar-2020,8491.12,-1.68%,
05-Mar-2018,11101,-1.68%,
09-Dec-2020,18765.06,-1.68%,
22-Sep-2019,9962.51,-1.67%,
17-Feb-2020,9756.41,-1.67%,
11-Feb-2022,43773.5,-1.66%,
28-Oct-2022,20408.5,-1.66%,
09-Sep-2019,10344.5,-1.65%,
03-Jun-2020,9519.27,-1.65%,
17-Sep-2021,47136.32,-1.65%,
14-Sep-2021,45174.49,-1.64%,
23-Feb-2023,23804,-1.64%,
09-Sep-2021,46039.39,-1.64%,
01-Nov-2021,60658.38,-1.64%,
11-Mar-2018,8835.7,-1.63%,
14-Feb-2023,21631.25,-1.63%,
11-May-2018,9092.9,-1.61%,
14-Feb-2021,47188.37,-1.61%,
05-Sep-2020,10610,-1.60%,
03-Dec-2018,4102.69,-1.60%,
08-Mar-2023,22054,-1.60%,
16-Nov-2020,15897.42,-1.58%,
03-Oct-2019,8234.5,-1.58%,
13-Feb-2022,41883.62,-1.58%,
18-Aug-2019,10185.5,-1.58%,
07-May-2021,55965.29,-1.57%,
25-Jan-2021,31875.68,-1.57%,
27-Jun-2018,6169.91,-1.54%,
07-Feb-2019,3365.27,-1.54%,
13-Nov-2021,64084.14,-1.54%,
30-Sep-2021,41133.25,-1.53%,
08-Jan-2019,4001,-1.53%,
07-Sep-2019,10358,-1.52%,
05-Aug-2020,11215.85,-1.51%,
20-Jan-2022,41745.5,-1.50%,
17-Jan-2020,8685.75,-1.50%,
11-Feb-2023,21531.67,-1.49%,
04-Jun-2019,8550.8,-1.49%,
16-Apr-2020,6766.99,-1.48%,
16-Jun-2022,21635.49,-1.46%,
26-Feb-2019,3805.52,-1.46%,
26-Feb-2021,48037.41,-1.45%,
17-May-2023,26956,-1.45%,
23-Jul-2019,10324.5,-1.45%,
24-Oct-2020,12937.63,-1.45%,
03-Nov-2022,20178.5,-1.44%,
07-Aug-2018,6916.66,-1.43%,
05-Feb-2020,9136.87,-1.43%,
04-May-2022,37762.56,-1.43%,
15-May-2022,29342.02,-1.42%,
03-May-2021,56898.6,-1.42%,
03-Nov-2020,13626.75,-1.42%,
07-Oct-2019,7988.69,-1.42%,
09-Sep-2020,10009.23,-1.41%,
15-Sep-2022,19949,-1.41%,
16-Nov-2018,5468.88,-1.38%,
11-Sep-2019,10076,-1.37%,
08-Oct-2021,54173.86,-1.37%,
29-Apr-2021,54443.9,-1.36%,
18-May-2021,44795.2,-1.35%,
26-Feb-2018,9370.76,-1.35%,
22-Jul-2019,10476,-1.33%,
25-Oct-2021,60308.1,-1.33%,
14-Nov-2022,16524.75,-1.33%,
15-Apr-2021,62382.46,-1.33%,
29-Jun-2018,6041.9,-1.31%,
12-Dec-2020,18109.47,-1.31%,
01-Nov-2022,20399,-1.31%,
20-Nov-2019,8108.25,-1.31%,
11-Oct-2020,10893.53,-1.30%,
18-Mar-2022,40718.25,-1.30%,
20-Oct-2019,7843.99,-1.29%,
10-Dec-2020,18523.04,-1.29%,
23-Aug-2021,48393.74,-1.28%,
22-May-2018,8403.98,-1.28%,
18-Jun-2020,9370.54,-1.28%,
28-Feb-2022,38973.06,-1.28%,
11-Oct-2022,19240,-1.28%,
29-Nov-2021,53922.43,-1.26%,
29-Mar-2018,7894.68,-1.25%,
10-Nov-2018,6332.23,-1.25%,
28-Jun-2022,20897.75,-1.25%,
10-Sep-2019,10216.03,-1.24%,
27-Nov-2019,7114.5,-1.24%,
10-Jul-2018,6661.68,-1.24%,
12-Mar-2020,7896,-1.23%,
10-Nov-2020,15391.5,-1.23%,
17-May-2022,29889.1,-1.23%,
18-May-2018,8194.31,-1.23%,
12-Mar-2022,38849.26,-1.21%,
12-Oct-2022,19006.46,-1.21%,
23-Jan-2023,22925,-1.21%,
11-Sep-2018,6298.68,-1.20%,
01-May-2020,8822.69,-1.20%,
06-Apr-2018,6717.54,-1.20%,
27-Nov-2022,16449,-1.20%,
21-Sep-2019,10131.68,-1.20%,
18-Feb-2020,9640.01,-1.19%,
01-Feb-2018,9961.81,-1.19%,
19-Oct-2019,7946.75,-1.19%,
01-Nov-2020,13498.46,-1.19%,
28-Aug-2019,10139.5,-1.19%,
30-Aug-2019,9549.9,-1.18%,
08-Nov-2019,9205.65,-1.17%,
14-Oct-2020,11429.82,-1.17%,
17-Jul-2020,9102.7,-1.17%,
30-Mar-2022,47410.42,-1.16%,
03-Nov-2019,9212.5,-1.16%,
02-Jun-2018,7444.98,-1.15%,
26-Sep-2019,8519.38,-1.14%,
09-Feb-2023,22957,-1.14%,
31-Oct-2021,61669.21,-1.14%,
31-Oct-2022,20668.75,-1.13%,
20-Apr-2020,7159.5,-1.13%,
15-Nov-2019,8653,-1.12%,
08-Feb-2020,9611.5,-1.12%,
12-Mar-2019,3942.3,-1.12%,
09-Nov-2018,6412.6,-1.11%,
02-Aug-2021,41073.64,-1.11%,
27-Jun-2022,21162.87,-1.09%,
13-Mar-2021,56953.11,-1.09%,
09-Oct-2019,8128,-1.09%,
27-Dec-2021,50269.73,-1.08%,
16-Mar-2023,24375.25,-1.08%,
21-Dec-2020,23745.25,-1.08%,
15-Oct-2022,19175,-1.08%,
28-Feb-2019,3748.86,-1.08%,
20-Feb-2023,24356,-1.08%,
18-Jul-2022,20971.25,-1.08%,
25-Sep-2018,6623.91,-1.07%,
07-Jan-2022,43110.11,-1.07%,
02-May-2022,37930.02,-1.07%,
28-Sep-2021,42690.97,-1.06%,
22-May-2023,26881,-1.05%,
29-Dec-2022,16516,-1.05%,
30-Sep-2018,6573.8,-1.05%,
06-Sep-2019,10518,-1.04%,
31-Aug-2022,19977,-1.04%,
02-Jun-2021,36318.98,-1.04%,
03-Apr-2023,28172,-1.04%,
21-Jan-2022,41314.47,-1.03%,
30-Sep-2020,10756.75,-1.03%,
02-Apr-2018,6828.43,-1.03%,
02-Dec-2022,16929.25,-1.02%,
31-Jan-2022,38001.55,-1.01%,
20-Jul-2019,10509.35,-1.01%,
31-Aug-2019,9453.1,-1.01%,
01-Mar-2023,23147,-1.01%,
22-Apr-2019,5263.5,-1.01%,
06-Apr-2020,6802.75,-1.00%,
14-Jul-2021,32508.68,-1.00%,
21-May-2020,9587.25,-0.99%,
10-Mar-2019,3890.05,-0.99%,
08-Dec-2022,16826.5,-0.99%,
04-Apr-2021,58096.08,-0.98%,
27-May-2022,29456.75,-0.98%,
10-Jul-2022,21286.89,-0.98%,
19-Aug-2021,44536.34,-0.98%,
03-Feb-2023,23452,-0.98%,
25-Dec-2019,7247.5,-0.97%,
29-Feb-2020,8666.05,-0.97%,
23-Nov-2020,18490.89,-0.97%,
08-May-2018,9422.72,-0.97%,
24-Feb-2022,37535.15,-0.96%,
07-May-2022,36062.57,-0.95%,
22-Mar-2019,3973.89,-0.95%,
06-Oct-2019,8103.5,-0.94%,
11-Dec-2020,18349.75,-0.94%,
21-Jul-2018,7346.94,-0.93%,
06-Apr-2022,45876.42,-0.92%,
07-Apr-2021,58236.83,-0.92%,
07-Mar-2021,48593.8,-0.91%,
02-Jun-2023,26871,-0.90%,
18-Apr-2018,7918.25,-0.90%,
26-Mar-2023,27380.75,-0.90%,
02-Jun-2019,8462,-0.89%,
03-Jan-2021,28987.6,-0.89%,
19-Oct-2018,6387.16,-0.89%,
03-Jul-2022,19231.69,-0.88%,
20-Oct-2022,19195,-0.88%,
11-Jan-2022,41718.17,-0.88%,
06-Nov-2019,9355.75,-0.88%,
07-Mar-2022,39017.5,-0.87%,
10-Apr-2022,42417.68,-0.87%,
19-Oct-2022,19366,-0.87%,
29-Sep-2018,6643.33,-0.87%,
29-May-2018,7224,-0.86%,
09-Jun-2019,7973.77,-0.86%,
15-Nov-2022,16382.52,-0.86%,
21-Oct-2022,19030,-0.86%,
15-Aug-2022,24288,-0.86%,
31-Jul-2018,8144.29,-0.86%,
16-Aug-2022,24080.5,-0.85%,
02-Oct-2020,10611.25,-0.85%,
08-Sep-2020,10152.49,-0.85%,
21-Nov-2022,16526,-0.85%,
04-Sep-2022,19750,-0.85%,
27-Sep-2020,10632.4,-0.84%,
26-Oct-2020,13017,-0.84%,
28-Dec-2022,16691,-0.84%,
31-Mar-2023,28154.5,-0.84%,
15-Oct-2019,8360.5,-0.84%,
03-Jul-2021,33132,-0.83%,
15-Nov-2020,16153.31,-0.83%,
08-May-2022,35766.75,-0.82%,
04-Oct-2019,8167,-0.82%,
29-Apr-2019,5159.67,-0.81%,
12-Sep-2018,6247.92,-0.81%,
23-Jan-2020,8644,-0.80%,
13-May-2023,26792,-0.80%,
12-Feb-2018,8211.37,-0.80%,
12-Dec-2018,3370.3,-0.79%,
08-Dec-2019,7372,-0.79%,
19-Feb-2018,10753.59,-0.79%,
05-Sep-2019,10628.5,-0.78%,
24-Jan-2019,3543.38,-0.78%,
28-Jun-2018,6122.34,-0.77%,
16-Aug-2021,46305.74,-0.77%,
29-Apr-2023,29404,-0.77%,
25-Mar-2021,54015.95,-0.77%,
27-Dec-2019,7181.29,-0.77%,
20-Dec-2022,16586.08,-0.75%,
16-Jul-2020,9210.33,-0.75%,
03-Oct-2020,10531.93,-0.75%,
20-Apr-2019,5268.82,-0.75%,
30-Dec-2021,47218.65,-0.75%,
13-Apr-2023,29969,-0.75%,
09-Aug-2021,43646.75,-0.74%,
27-Jun-2020,9207.4,-0.74%,
06-Jun-2020,9713.59,-0.73%,
13-Apr-2022,39530.62,-0.73%,
08-Apr-2022,43562.98,-0.72%,
03-Sep-2022,19919.04,-0.72%,
08-Jul-2018,6523.8,-0.71%,
29-May-2019,8686.32,-0.71%,
26-Feb-2023,22935,-0.70%,
26-Sep-2021,42663.9,-0.70%,
27-Oct-2021,62088.98,-0.70%,
17-Sep-2018,6483.04,-0.69%,
31-Jul-2020,11145.43,-0.69%,
28-May-2021,38486.87,-0.69%,
12-Nov-2018,6316.97,-0.68%,
19-May-2020,9682.1,-0.68%,
19-Feb-2021,52044.1,-0.68%,
14-Jun-2020,9397.69,-0.68%,
29-Dec-2020,26584.87,-0.68%,
02-Oct-2018,6540.57,-0.67%,
27-Jan-2022,36332.97,-0.66%,
25-Nov-2021,57325.62,-0.66%,
30-Apr-2019,5125.75,-0.66%,
16-Feb-2021,48325.31,-0.66%,
05-Apr-2022,46304.29,-0.66%,
20-Sep-2021,47652,-0.65%,
19-Oct-2020,11466.87,-0.65%,
26-Jan-2022,36575.75,-0.65%,
20-Sep-2022,19520,-0.64%,
24-Apr-2023,27461.54,-0.64%,
16-Mar-2018,8248.21,-0.62%,
02-Sep-2022,20063,-0.62%,
06-Nov-2021,60970.83,-0.62%,
24-Dec-2020,23295.14,-0.62%,
01-Jan-2020,7196,-0.61%,
11-Mar-2023,20099,-0.61%,
26-Sep-2022,19011,-0.61%,
18-Nov-2021,60115.67,-0.60%,
10-Apr-2019,5220.01,-0.59%,
11-Jul-2021,33324.24,-0.59%,
02-Jul-2018,6319,-0.59%,
18-Feb-2019,3574.54,-0.59%,
04-Oct-2018,6481.7,-0.58%,
30-Aug-2018,7043.01,-0.58%,
04-May-2023,28529,-0.58%,
01-May-2018,9266.01,-0.58%,
23-Oct-2019,8159,-0.58%,
08-Aug-2018,6877.06,-0.57%,
04-Nov-2021,62764.38,-0.57%,
18-Sep-2020,10936.94,-0.57%,
15-Mar-2022,38724.25,-0.57%,
19-Sep-2019,10189.97,-0.57%,
07-Jun-2019,7688.75,-0.57%,
03-Mar-2023,23424.25,-0.56%,
30-Nov-2018,4191.44,-0.56%,
07-Apr-2023,27997,-0.56%,
17-Sep-2019,10241,-0.56%,
04-Nov-2019,9161.44,-0.55%,
27-Jul-2018,8134.74,-0.55%,
24-Nov-2019,7284.25,-0.55%,
01-May-2022,38338.5,-0.55%,
09-Jul-2022,21496.69,-0.55%,
26-Jul-2018,8180.01,-0.55%,
24-Mar-2022,42365.25,-0.55%,
30-Jul-2021,39725.69,-0.55%,
17-Aug-2021,46053.01,-0.55%,
17-Sep-2022,19750,-0.55%,
06-Sep-2022,19737,-0.54%,
17-Jan-2022,43086.82,-0.53%,
27-May-2020,8858.25,-0.53%,
03-Feb-2019,3430.24,-0.53%,
04-Jan-2023,16663.25,-0.53%,
22-Dec-2022,16791,-0.53%,
05-Jan-2018,14949.47,-0.52%,
27-Nov-2018,3658.81,-0.52%,
14-Mar-2022,38945.63,-0.51%,
22-Jul-2022,23136.89,-0.51%,
20-Jun-2018,6692.5,-0.51%,
16-Apr-2023,30313,-0.51%,
23-Nov-2018,4427.47,-0.51%,
30-May-2019,8642.5,-0.50%,
01-Oct-2020,10702.55,-0.50%,
13-Feb-2019,3573.81,-0.50%,
13-Jan-2019,3626.84,-0.49%,
23-Jul-2022,23023.46,-0.49%,
25-Oct-2022,19374.75,-0.49%,
12-Jul-2018,6354.99,-0.49%,
16-Nov-2021,63876.01,-0.49%,
07-Aug-2019,11662,-0.48%,
03-Mar-2019,3809.06,-0.47%,
27-Jul-2019,9823.86,-0.47%,
18-Apr-2022,40120.67,-0.47%,
09-Oct-2022,19459.62,-0.47%,
06-Dec-2022,16974,-0.46%,
16-Sep-2022,19858.25,-0.45%,
19-Mar-2021,57487.75,-0.45%,
19-Sep-2020,10887.37,-0.45%,
10-Nov-2019,8790.91,-0.45%,
04-Mar-2019,3792.24,-0.44%,
26-Oct-2018,6394.41,-0.44%,
14-Aug-2018,6278.34,-0.44%,
07-Nov-2019,9314.71,-0.44%,
22-Dec-2019,7163.2,-0.44%,
01-Feb-2019,3416.17,-0.43%,
17-Aug-2022,23978,-0.43%,
25-Oct-2019,7456.5,-0.42%,
30-Jan-2019,3401.24,-0.42%,
27-Feb-2019,3789.72,-0.42%,
26-Nov-2020,18870.47,-0.41%,
16-Oct-2022,19096,-0.41%,
22-Jun-2018,6719.15,-0.41%,
10-Dec-2022,17114,-0.41%,
11-Feb-2019,3606.31,-0.41%,
03-Oct-2022,19196,-0.41%,
25-Jan-2023,22901,-0.40%,
04-Dec-2022,16947,-0.40%,
03-Aug-2022,23027.2,-0.40%,
12-Feb-2019,3591.88,-0.40%,
26-Jan-2019,3556.64,-0.40%,
27-Aug-2018,6689.19,-0.40%,
30-Apr-2023,29288,-0.39%,
30-Mar-2019,4073.97,-0.39%,
08-Apr-2023,27889,-0.39%,
13-Dec-2019,7196,-0.38%,
04-Feb-2019,3417.09,-0.38%,
28-Jan-2022,36193.76,-0.38%,
08-Jun-2022,31310.78,-0.38%,
06-Apr-2023,28154,-0.38%,
17-Nov-2018,5448.48,-0.37%,
18-Jun-2018,6508,-0.36%,
29-Jan-2023,23007,-0.36%,
21-Dec-2021,46972.18,-0.36%,
22-Feb-2019,3899.56,-0.36%,
26-May-2020,8905.5,-0.36%,
18-Sep-2021,46968.3,-0.36%,
22-Mar-2018,8882.9,-0.36%,
06-Nov-2022,21307.4,-0.35%,
10-Apr-2020,7298.9,-0.35%,
19-Jan-2019,3612.52,-0.35%,
19-Jul-2021,31610.94,-0.35%,
09-Oct-2021,53985.41,-0.35%,
29-Aug-2021,48745.58,-0.35%,
03-Apr-2021,58670.03,-0.35%,
01-Mar-2020,8636.11,-0.35%,
19-Jun-2020,9338.36,-0.34%,
13-Jun-2023,25895,-0.34%,
01-Jul-2020,9147.13,-0.34%,
07-May-2019,5692.74,-0.34%,
15-Dec-2020,19200.99,-0.33%,
25-Apr-2022,39670.5,-0.33%,
24-Nov-2020,18430.6,-0.33%,
18-Jul-2021,31722.08,-0.32%,
03-Oct-2018,6519.59,-0.32%,
15-Oct-2020,11393.5,-0.32%,
30-Sep-2022,19507,-0.32%,
02-Feb-2020,9355.14,-0.31%,
30-Mar-2020,6106.77,-0.30%,
17-Nov-2019,8451.25,-0.30%,
12-Jun-2019,7925.5,-0.30%,
04-Feb-2023,23383,-0.29%,
07-Jul-2022,20370.45,-0.29%,
08-Dec-2020,19085.01,-0.29%,
17-Aug-2020,11833.86,-0.29%,
12-Jul-2020,9215.25,-0.28%,
07-Nov-2022,21247,-0.28%,
30-May-2020,9415.75,-0.28%,
15-Nov-2021,64189.1,-0.27%,
24-Mar-2021,54433.57,-0.27%,
01-Jan-2023,16542,-0.26%,
24-Oct-2018,6391.25,-0.26%,
09-Sep-2022,19333.45,-0.26%,
21-Nov-2019,8087.25,-0.26%,
31-Mar-2022,47289.19,-0.26%,
31-Aug-2021,48664.75,-0.25%,
04-Nov-2018,6339.71,-0.25%,
30-Jun-2022,20189.66,-0.25%,
19-Nov-2022,16642,-0.25%,
20-Jun-2020,9314.94,-0.25%,
27-Dec-2018,3775.16,-0.25%,
15-Apr-2019,5111,-0.25%,
28-Feb-2020,8750.93,-0.25%,
22-Sep-2022,18921,-0.24%,
15-May-2021,49186.65,-0.24%,
08-Jul-2020,9252.75,-0.24%,
13-Apr-2019,5042.92,-0.24%,
28-Nov-2020,17006.61,-0.24%,
24-Mar-2019,3970.82,-0.24%,
09-Jan-2022,41767.65,-0.23%,
18-Feb-2023,24482,-0.23%,
24-Sep-2018,6695.86,-0.23%,
02-Dec-2021,57019.46,-0.23%,
03-Dec-2021,56893.76,-0.22%,
09-Jun-2018,7639.12,-0.22%,
14-Nov-2018,6292.2,-0.22%,
17-Apr-2022,40309.5,-0.22%,
28-Sep-2022,19071,-0.21%,
09-Mar-2023,22007.47,-0.21%,
03-Oct-2021,48023,-0.21%,
08-Feb-2019,3358.25,-0.21%,
22-Nov-2021,59516.81,-0.20%,
30-Jul-2019,9505.94,-0.20%,
20-Jul-2020,9159.09,-0.20%,
25-May-2018,7576.8,-0.20%,
09-Jan-2020,8004,-0.20%,
14-Nov-2019,8751.25,-0.20%,
17-Dec-2018,3196,-0.19%,
28-Jan-2019,3548.6,-0.19%,
15-Jun-2020,9380,-0.19%,
21-Jul-2022,23255.75,-0.19%,
26-Dec-2022,16798.43,-0.19%,
18-Jun-2022,20632.75,-0.19%,
17-Aug-2019,10348.9,-0.18%,
02-Apr-2021,58874,-0.18%,
18-Oct-2018,6444.2,-0.18%,
26-Aug-2022,21651.25,-0.17%,
13-Nov-2018,6306,-0.17%,
11-Oct-2018,6636.9,-0.17%,
30-Oct-2019,9442.75,-0.16%,
04-May-2021,56812.89,-0.15%,
26-Dec-2019,7236.7,-0.15%,
30-Oct-2022,20906,-0.15%,
26-Jun-2020,9275.58,-0.15%,
26-Dec-2021,50819.8,-0.14%,
24-Apr-2018,8936.8,-0.14%,
04-Jul-2022,19204.68,-0.14%,
21-May-2019,7967,-0.14%,
10-Jun-2018,7628.88,-0.13%,
05-Mar-2020,8726,-0.13%,
08-Oct-2018,6542.08,-0.12%,
16-Mar-2020,5283.7,-0.12%,
20-Feb-2022,39928.77,-0.12%,
05-Mar-2023,22216.75,-0.12%,
11-Dec-2021,47922.47,-0.12%,
21-Feb-2020,9609,-0.12%,
01-Aug-2022,23746.76,-0.12%,
24-Jun-2020,9630,-0.12%,
24-Jan-2022,35336.92,-0.12%,
07-Jun-2020,9702.79,-0.11%,
09-Jan-2023,16925,-0.11%,
29-Jul-2018,8164.09,-0.11%,
07-Mar-2023,22412,-0.11%,
16-Feb-2019,3563.94,-0.11%,
16-Sep-2018,6528.33,-0.10%,
13-May-2018,8412.92,-0.10%,
22-Jun-2020,9307.5,-0.09%,
10-Jun-2022,30153.17,-0.09%,
09-Apr-2018,6988.99,-0.09%,
15-Feb-2019,3567.71,-0.09%,
23-Dec-2021,49056.49,-0.09%,
23-Aug-2020,11602.75,-0.09%,
25-Apr-2020,7529.68,-0.09%,
06-Nov-2018,6401.91,-0.09%,
14-Feb-2019,3570.9,-0.08%,
29-Oct-2018,6399.69,-0.08%,
03-Dec-2019,7318.98,-0.08%,
30-Apr-2018,9319.82,-0.07%,
15-Feb-2022,42245.68,-0.07%,
31-Dec-2022,16585.7,-0.07%,
20-Oct-2018,6382.92,-0.07%,
24-Feb-2020,9903.8,-0.06%,
07-Feb-2022,41668.04,-0.06%,
17-Mar-2021,56379.85,-0.06%,
06-Oct-2018,6538.99,-0.06%,
29-Aug-2022,20010,-0.05%,
06-Mar-2022,39361.66,-0.04%,
07-Jun-2018,7625,-0.04%,
27-Jan-2019,3555.3,-0.04%,
01-Apr-2020,6475.5,-0.04%,
11-Jan-2018,14505.06,-0.04%,
18-Dec-2022,16716,-0.03%,
25-Apr-2023,27452.75,-0.03%,
09-Jan-2019,3999.88,-0.03%,
03-Aug-2019,10403.6,-0.03%,
19-Dec-2022,16711.5,-0.03%,
21-Sep-2018,6374.99,-0.02%,
23-Jul-2020,9378.25,-0.02%,
04-Sep-2018,7301.76,-0.02%,
23-Oct-2018,6407.98,-0.02%,
05-Oct-2020,10609.75,-0.01%,
11-Nov-2020,15389.5,-0.01%,
04-Apr-2020,6742,-0.01%,
23-Dec-2022,16790,-0.01%,
24-Feb-2018,9920.64,-0.01%,
28-Sep-2019,8088.1,0.00%,
11-Oct-2019,8579.5,0.00%,
16-Jan-2022,43316.94,0.00%,
11-Jul-2020,9241.47,0.00%,
01-Jan-2022,47294.88,0.00%,
02-Jan-2022,47294.88,0.00%,
05-Jun-2023,27201,0.00%,
12-Jun-2023,25983.82,0.00%,
13-Dec-2022,17176,0.00%,
05-Feb-2019,3417.15,0.00%,
22-Aug-2018,6453.57,0.00%,
28-Oct-2018,6404.89,0.00%,
13-Jul-2020,9216,0.01%,
21-Jun-2020,9316.33,0.01%,
20-May-2020,9683.58,0.02%,
18-Oct-2021,61011.41,0.02%,
06-Feb-2019,3418,0.02%,
12-Dec-2019,7223.8,0.02%,
27-Mar-2022,44583.83,0.03%,
08-Jul-2019,11461,0.03%,
17-Jun-2020,9491.79,0.03%,
28-Jan-2023,23090,0.04%,
20-Aug-2018,6363.58,0.05%,
03-Apr-2022,46185.61,0.05%,
23-May-2023,26896,0.06%,
18-Apr-2020,7061.69,0.06%,
25-Mar-2019,3973.31,0.06%,
19-Aug-2022,23420.25,0.07%,
27-Oct-2020,13025.5,0.07%,
21-Oct-2018,6387.16,0.07%,
18-Sep-2019,10248,0.07%,
05-Apr-2021,58136.05,0.07%,
25-Dec-2021,50892.41,0.08%,
22-Jan-2019,3521.12,0.08%,
23-Sep-2019,9970.25,0.08%,
13-Aug-2022,24230,0.08%,
23-Sep-2018,6711.32,0.08%,
13-Jan-2020,8095.37,0.08%,
30-Aug-2021,48788.25,0.09%,
05-May-2019,5691.25,0.09%,
10-Jan-2019,4003.73,0.10%,
25-Dec-2022,16830,0.10%,
08-Jan-2023,16943.75,0.10%,
05-Sep-2021,50181.07,0.10%,
05-Oct-2021,48993.95,0.11%,
11-Dec-2022,17134,0.12%,
31-Mar-2019,4078.76,0.12%,
19-Jan-2020,8914.75,0.12%,
01-Sep-2020,11676.25,0.12%,
21-Jul-2020,9170.32,0.12%,
02-Nov-2021,60733,0.12%,
07-Dec-2022,16995,0.12%,
05-Feb-2023,23412.25,0.13%,
21-Mar-2021,58500,0.13%,
16-Jan-2023,20929.5,0.13%,
06-Jan-2019,3836.37,0.13%,
24-Dec-2022,16813,0.14%,
24-Dec-2019,7318.75,0.14%,
06-Jan-2023,16843.36,0.14%,
19-Jul-2020,9177.5,0.14%,
25-Jun-2019,10857,0.14%,
14-Jul-2018,6182.84,0.14%,
11-May-2022,30985.71,0.15%,
10-Oct-2022,19488.5,0.15%,
13-Nov-2022,16747,0.15%,
20-Nov-2022,16667.63,0.15%,
04-Feb-2022,36962.81,0.16%,
31-May-2020,9430.72,0.16%,
23-Mar-2019,3980.21,0.16%,
29-Mar-2021,55989.75,0.16%,
27-Oct-2018,6404.65,0.16%,
31-Dec-2021,47294.88,0.16%,
08-Sep-2018,6442.57,0.16%,
05-Oct-2019,8180.4,0.16%,
13-Apr-2021,59935,0.17%,
04-Jul-2020,9097.3,0.17%,
05-May-2018,9671.24,0.17%,
17-Feb-2022,44084.55,0.17%,
29-Apr-2020,7719,0.17%,
01-Oct-2018,6585.01,0.17%,
07-Oct-2018,6550.25,0.17%,
23-Oct-2022,19212.25,0.17%,
12-Sep-2019,10093.75,0.18%,
08-Aug-2022,23211.75,0.18%,
22-Mar-2023,28153,0.18%,
07-Jun-2021,35892.06,0.18%,
17-Oct-2022,19132,0.19%,
09-Dec-2021,50635,0.19%,
19-Dec-2021,46965.2,0.20%,
02-Jan-2023,16574.75,0.20%,
30-Jun-2020,9178.25,0.20%,
08-May-2023,28908.55,0.20%,
09-Apr-2023,27944.75,0.20%,
12-Aug-2019,11378.25,0.20%,
27-Dec-2022,16832.25,0.20%,
04-Dec-2019,7334,0.21%,
21-Jan-2020,8667,0.22%,
24-Mar-2018,8617.65,0.22%,
17-Jul-2021,31824.91,0.22%,
11-Jun-2021,36476.84,0.22%,
01-Apr-2019,4087.81,0.22%,
03-Jan-2022,47402.32,0.23%,
06-May-2020,8939,0.23%,
29-Nov-2019,7563.75,0.23%,
12-Jan-2020,8088.94,0.24%,
12-Dec-2022,17175.86,0.24%,
31-Jan-2021,34687.22,0.25%,
12-Sep-2020,10326.96,0.25%,
05-Jan-2020,7325.86,0.25%,
14-May-2023,26860,0.25%,
07-Feb-2023,22915,0.26%,
02-Apr-2023,28467.25,0.26%,
15-May-2023,26931,0.26%,
12-Jun-2018,6758.14,0.27%,
21-Aug-2019,10704.75,0.27%,
02-Jan-2020,7216.25,0.28%,
16-Jun-2021,39959.84,0.28%,
09-Feb-2022,44225.82,0.28%,
13-Oct-2018,6318,0.29%,
04-Nov-2022,20237,0.29%,
31-May-2023,27770.28,0.29%,
26-Apr-2020,7551.75,0.29%,
05-Jun-2022,29726.58,0.30%,
29-Nov-2020,17057.75,0.30%,
24-Jan-2023,22994,0.30%,
06-Sep-2021,50334.89,0.31%,
01-Jan-2021,28987.6,0.31%,
24-Feb-2023,23879,0.32%,
13-Aug-2019,11414.15,0.32%,
14-Jul-2020,9245.4,0.32%,
07-Oct-2022,20050,0.32%,
07-Feb-2020,9720.5,0.33%,
23-Aug-2019,10177.75,0.33%,
03-Mar-2022,44035.83,0.33%,
28-Dec-2020,26766,0.34%,
21-Apr-2022,41428.5,0.34%,
25-Jul-2020,9628.3,0.34%,
07-Nov-2018,6423.65,0.34%,
26-May-2023,26489.75,0.34%,
22-Oct-2018,6409,0.34%,
07-Jul-2021,33966.89,0.34%,
16-Dec-2019,7095.56,0.34%,
30-May-2023,27689.87,0.34%,
31-Jul-2019,9538.75,0.35%,
22-Mar-2022,41184.85,0.35%,
19-Jul-2018,7335.1,0.35%,
03-Nov-2018,6355.77,0.35%,
07-Mar-2019,3845.53,0.35%,
14-Aug-2020,11613.38,0.36%,
02-Nov-2022,20473.37,0.36%,
06-May-2019,5712,0.36%,
26-Jun-2022,21396.91,0.37%,
01-Sep-2019,9487.8,0.37%,
31-Oct-2018,6263,0.37%,
10-Feb-2019,3621.05,0.37%,
15-Jul-2020,9279.8,0.37%,
10-Apr-2023,28049,0.37%,
10-May-2023,27659,0.37%,
30-Jun-2019,11790,0.37%,
20-Dec-2019,7160,0.38%,
20-Dec-2021,47141.49,0.38%,
15-Dec-2022,17831,0.38%,
11-Sep-2020,10301.23,0.38%,
04-Jul-2018,6613.22,0.39%,
07-Nov-2021,61211.75,0.40%,
12-Jan-2019,3644.82,0.40%,
23-Sep-2020,10539,0.40%,
26-Aug-2019,10080.25,0.40%,
17-Jun-2018,6531.76,0.40%,
25-May-2022,29426.75,0.41%,
08-Jun-2018,7655.9,0.41%,
20-Mar-2019,3987.38,0.41%,
26-Jan-2018,11250.61,0.41%,
13-May-2022,28528.46,0.42%,
22-Apr-2020,6890.75,0.42%,
13-Oct-2019,8330.9,0.42%,
25-Nov-2022,16542,0.42%,
28-Nov-2022,16519,0.43%,
19-May-2018,8229.25,0.43%,
14-Nov-2021,64365.43,0.44%,
21-Mar-2023,28103,0.44%,
12-Sep-2022,21556,0.44%,
11-Aug-2021,45644.25,0.44%,
11-Nov-2018,6360.45,0.45%,
11-Apr-2021,58572.57,0.45%,
13-Nov-2019,8768.7,0.45%,
24-Apr-2022,39801.6,0.45%,
20-Jun-2019,9164.38,0.46%,
20-Nov-2021,57855.89,0.46%,
25-Dec-2020,23402.25,0.46%,
14-Mar-2018,9061.99,0.46%,
06-Feb-2021,37859.99,0.47%,
28-Jul-2018,8173,0.47%,
28-Aug-2018,6720.98,0.48%,
05-Sep-2022,19844,0.48%,
04-Jun-2023,27201,0.48%,
22-Nov-2020,18671.25,0.48%,
21-Dec-2019,7194.51,0.48%,
10-Sep-2021,46263.25,0.49%,
30-Dec-2022,16597,0.49%,
07-Jan-2023,16926.25,0.49%,
25-Oct-2018,6422.71,0.49%,
24-May-2019,7874.75,0.49%,
12-Jan-2023,17558.75,0.50%,
10-Oct-2018,6648.2,0.50%,
01-Nov-2019,9232.3,0.50%,
06-Aug-2018,7017.05,0.50%,
24-Jun-2021,33057.18,0.51%,
03-Dec-2022,17015.5,0.51%,
16-Sep-2019,10298.25,0.51%,
17-Apr-2023,30468.25,0.51%,
14-Jan-2020,8137.5,0.52%,
30-Dec-2018,3913.3,0.52%,
19-Dec-2020,22912.63,0.52%,
05-Aug-2019,10943,0.53%,
30-May-2022,29147,0.53%,
27-Sep-2022,19112,0.53%,
01-Apr-2021,58979.88,0.54%,
01-Nov-2018,6296.55,0.54%,
22-Jan-2020,8713.93,0.54%,
17-Feb-2021,48588.75,0.55%,
05-Jan-2022,46226.5,0.55%,
24-Aug-2020,11666.59,0.55%,
03-Dec-2020,19158.99,0.55%,
28-Dec-2019,7221.5,0.56%,
19-Feb-2023,24621.25,0.57%,
20-May-2023,26875.66,0.57%,
10-Jun-2020,9757.5,0.57%,
20-Feb-2019,3984.7,0.58%,
07-Mar-2020,9164.4,0.58%,
20-Apr-2018,8235.06,0.59%,
19-Oct-2021,61369.25,0.59%,
12-Sep-2021,45316.86,0.59%,
02-Nov-2018,6333.57,0.59%,
15-Apr-2023,30468,0.59%,
24-May-2020,9233.84,0.60%,
21-Mar-2019,4012.05,0.62%,
27-Mar-2019,3914.84,0.62%,
30-Jul-2018,8214.68,0.62%,
22-Feb-2020,9669,0.62%,
05-Dec-2022,17053,0.63%,
06-May-2018,9731.84,0.63%,
08-Mar-2019,3869.79,0.63%,
20-Sep-2019,10254.75,0.64%,
15-Apr-2020,6868.7,0.64%,
25-Aug-2020,11741,0.64%,
28-Feb-2023,23384,0.64%,
18-May-2022,30081,0.64%,
27-Apr-2018,9125,0.64%,
26-Nov-2022,16649,0.65%,
02-Mar-2019,3827.18,0.65%,
10-Feb-2022,44513.75,0.65%,
15-Oct-2018,6236.46,0.66%,
26-Aug-2021,48669.88,0.66%,
01-Jun-2020,9493.54,0.67%,
24-Oct-2021,61120.13,0.67%,
05-Dec-2018,3896.61,0.67%,
18-Jul-2020,9164.3,0.68%,
22-Oct-2019,8206.25,0.68%,
04-Jun-2020,9584,0.68%,
07-Dec-2020,19140.5,0.68%,
18-Nov-2018,5485.79,0.68%,
20-Jan-2021,36481.05,0.70%,
18-Oct-2019,8042.6,0.71%,
20-May-2018,8289.13,0.73%,
03-Jun-2023,27071,0.74%,
13-Feb-2023,21988.75,0.75%,
29-Jan-2020,9036.59,0.75%,
29-Jan-2018,11633.4,0.75%,
18-Apr-2019,5224,0.75%,
04-Oct-2020,10611.25,0.75%,
25-Jun-2018,6176.44,0.76%,
22-Aug-2021,49022.5,0.76%,
18-Jan-2019,3625.31,0.76%,
19-Nov-2018,5527.59,0.76%,
13-Mar-2022,39146.75,0.77%,
10-Jan-2022,42088.21,0.77%,
12-Apr-2018,6889.98,0.77%,
29-Jul-2019,9525.28,0.78%,
25-Jan-2019,3570.91,0.78%,
11-May-2023,27875,0.78%,
22-Oct-2022,19179,0.78%,
07-Dec-2019,7430.84,0.80%,
24-Jul-2021,32491.82,0.80%,
19-Nov-2020,17777.82,0.80%,
20-Jan-2023,20944,0.80%,
01-Apr-2018,6899.15,0.81%,
29-Jul-2020,10976.83,0.81%,
15-Oct-2021,57429.72,0.81%,
16-Jan-2020,8817.96,0.81%,
04-Nov-2020,13736.93,0.81%,
05-Sep-2018,7361,0.81%,
21-Jun-2018,6746.81,0.81%,
28-Mar-2022,44947,0.81%,
28-Jul-2021,38041.75,0.82%,
17-Jan-2019,3597.92,0.83%,
14-Dec-2019,7255.75,0.83%,
11-Jun-2023,25983.82,0.83%,
14-Nov-2020,16288.01,0.83%,
06-Jun-2022,29975.22,0.84%,
16-Aug-2020,11867.75,0.84%,
01-Apr-2023,28392.5,0.85%,
26-Sep-2020,10722.73,0.85%,
13-Oct-2022,19168,0.85%,
05-May-2020,8918.22,0.85%,
02-Apr-2022,46163.67,0.85%,
18-Jan-2023,21314,0.86%,
08-Dec-2021,50538,0.87%,
25-Apr-2021,50982.25,0.87%,
31-Jan-2019,3430.88,0.87%,
15-Jul-2021,32792.98,0.87%,
22-Jul-2018,7411.49,0.88%,
30-Aug-2022,20186.75,0.88%,
23-Dec-2018,3881.05,0.89%,
29-May-2022,28993.14,0.89%,
01-Feb-2023,22950,0.89%,
17-Feb-2019,3595.7,0.89%,
02-Jan-2021,29247.92,0.90%,
01-Oct-2022,19682.76,0.90%,
01-Jun-2019,8538.25,0.90%,
03-Aug-2018,7550,0.90%,
07-Aug-2022,23170.75,0.91%,
13-Sep-2018,6304.99,0.91%,
21-Apr-2019,5317,0.91%,
04-Apr-2022,46609.75,0.92%,
04-Jun-2018,7676.24,0.92%,
08-Apr-2019,5125.53,0.93%,
03-Mar-2018,11026.93,0.93%,
14-Feb-2022,42275.8,0.94%,
02-Apr-2019,4126.09,0.94%,
18-Nov-2022,16683.89,0.94%,
09-Feb-2018,8160.76,0.94%,
05-Oct-2018,6542.67,0.94%,
05-Jan-2023,16820,0.94%,
25-Aug-2022,21689,0.94%,
02-Feb-2019,3448.53,0.95%,
02-Nov-2019,9320.25,0.95%,
08-Nov-2018,6484.9,0.95%,
29-Sep-2019,8165.58,0.96%,
09-Jan-2021,40093.25,0.96%,
28-Apr-2020,7705.88,0.97%,
05-Jan-2019,3831.29,0.97%,
17-Jan-2023,21133,0.97%,
02-Feb-2022,38805.12,0.98%,
22-May-2022,29384.67,0.98%,
29-Mar-2023,27310,0.98%,
06-Mar-2023,22435.75,0.99%,
23-Jun-2021,32889.85,0.99%,
18-Jul-2019,9690.24,1.00%,
03-May-2022,38308.87,1.00%,
20-Nov-2020,17956.04,1.00%,
28-Sep-2020,10739.25,1.00%,
27-May-2023,26757,1.01%,
05-Feb-2021,37682.9,1.01%,
02-Jul-2020,9239.75,1.01%,
15-Sep-2018,6535,1.02%,
23-Feb-2019,3939.21,1.02%,
07-Jul-2018,6570.75,1.02%,
09-May-2019,5898.64,1.02%,
10-May-2018,9241.28,1.03%,
21-Jul-2019,10617.41,1.03%,
06-Dec-2020,19010.52,1.03%,
24-Jun-2018,6130.13,1.03%,
21-Apr-2021,56780.9,1.03%,
20-Sep-2018,6376.57,1.04%,
01-May-2023,29592,1.04%,
26-Apr-2019,5491.9,1.05%,
06-Jul-2020,9038.9,1.06%,
01-Sep-2022,20188,1.06%,
17-Oct-2018,6455.66,1.06%,
27-Apr-2020,7632,1.06%,
03-Jan-2023,16751.75,1.07%,
27-May-2018,7527.89,1.07%,
14-Jul-2022,19653.76,1.07%,
05-Nov-2018,6407.54,1.07%,
14-Apr-2023,30289.89,1.07%,
28-Mar-2018,7995,1.07%,
28-Apr-2019,5202,1.08%,
05-Jul-2018,6684.58,1.08%,
21-Jun-2022,20431.25,1.08%,
21-May-2023,27167,1.08%,
26-May-2022,29747.25,1.09%,
20-Jul-2018,7415.71,1.10%,
20-Mar-2022,42203.61,1.10%,
02-May-2019,5309.5,1.10%,
06-Apr-2021,58777.69,1.10%,
06-Jun-2019,7732.5,1.10%,
11-Jun-2020,9865.36,1.11%,
09-Jun-2023,26654.56,1.11%,
14-Aug-2022,24498.25,1.11%,
13-Sep-2020,10442,1.11%,
18-Nov-2019,8545.5,1.12%,
09-Oct-2018,6615.16,1.12%,
10-Apr-2021,58312.42,1.12%,
26-Jul-2020,9736.5,1.12%,
03-Feb-2020,9460.4,1.13%,
14-Oct-2022,19384,1.13%,
01-Feb-2022,38429.82,1.13%,
28-Nov-2021,54612.21,1.13%,
27-Sep-2021,43150.15,1.14%,
16-Jun-2020,9488.7,1.16%,
30-Dec-2020,26893.11,1.16%,
06-Dec-2021,49322.48,1.17%,
04-Sep-2021,50129.19,1.17%,
20-Apr-2021,56199.26,1.17%,
02-Jan-2019,3716.98,1.17%,
15-Jan-2022,43317.83,1.17%,
12-Mar-2021,57581.97,1.18%,
14-Sep-2019,10450,1.18%,
17-Sep-2020,10999.54,1.19%,
08-Oct-2020,10671,1.19%,
24-May-2023,27217,1.19%,
16-Mar-2019,3899.11,1.20%,
19-Jan-2021,36228.08,1.20%,
30-Jul-2022,24318.57,1.20%,
14-Oct-2019,8431,1.20%,
29-Sep-2020,10868.62,1.20%,
31-Oct-2020,13661.09,1.20%,
30-Dec-2019,7400.5,1.21%,
16-Jul-2022,20921.11,1.21%,
16-Dec-2020,19435.59,1.22%,
16-Apr-2022,40397.62,1.23%,
27-Feb-2022,39477.3,1.23%,
11-Oct-2021,55339,1.23%,
05-May-2023,28882,1.24%,
13-Oct-2020,11564.99,1.25%,
29-Dec-2019,7311.9,1.25%,
19-Dec-2018,3533.6,1.25%,
12-Aug-2022,24211,1.26%,
10-Oct-2021,54664.34,1.26%,
26-Apr-2022,40171.04,1.26%,
06-Oct-2020,10744,1.27%,
21-Aug-2020,11864,1.27%,
12-Nov-2021,65085.5,1.28%,
04-Aug-2022,23324.31,1.29%,
16-Oct-2020,11542,1.30%,
23-Jul-2018,7508.27,1.31%,
23-May-2020,9178.32,1.31%,
27-Feb-2023,23235.25,1.31%,
06-Jun-2018,7627.9,1.31%,
23-Dec-2020,23439.64,1.32%,
10-Oct-2020,11036.98,1.32%,
13-Jun-2020,9461.83,1.32%,
13-Dec-2020,18349.75,1.33%,
17-Jul-2022,21199.59,1.33%,
15-Aug-2020,11768.33,1.33%,
08-Feb-2023,23222.02,1.34%,
24-Oct-2022,19470,1.34%,
19-Apr-2022,40659.22,1.34%,
15-Jul-2018,6266.08,1.35%,
24-Jun-2019,10841.33,1.35%,
02-Sep-2019,9615.9,1.35%,
13-Sep-2021,45930,1.35%,
11-Sep-2022,21460.75,1.36%,
28-May-2023,27121,1.36%,
12-Feb-2023,21826,1.37%,
16-Jul-2018,6352.37,1.38%,
07-Aug-2020,11852.75,1.38%,
04-Aug-2020,11387.25,1.39%,
23-Apr-2023,27638,1.39%,
16-Dec-2018,3202.1,1.40%,
15-Feb-2020,10316,1.40%,
13-May-2019,7071.91,1.40%,
18-May-2023,27335,1.41%,
21-Aug-2018,6453.35,1.41%,
23-Jan-2019,3571.11,1.42%,
28-Dec-2021,50988.46,1.43%,
01-Mar-2019,3802.51,1.43%,
21-Oct-2020,11907.71,1.43%,
23-Jul-2021,32234.53,1.43%,
26-Jun-2018,6266.68,1.46%,
25-Oct-2020,13127.38,1.47%,
07-Sep-2020,10239.53,1.47%,
07-Jan-2020,7571.19,1.47%,
11-Apr-2019,5296.87,1.47%,
26-Jul-2021,34436.11,1.47%,
13-Feb-2020,10387.25,1.49%,
10-Jan-2023,17179,1.50%,
17-Feb-2023,24539,1.50%,
25-Jan-2020,8513.2,1.50%,
03-Sep-2018,7303.3,1.52%,
26-Feb-2022,38996.75,1.52%,
17-May-2020,9379.72,1.53%,
24-Aug-2018,6423,1.53%,
09-Mar-2019,3929.1,1.53%,
01-Jun-2021,36700,1.54%,
26-Mar-2022,44572.23,1.54%,
17-Mar-2023,24752,1.55%,
12-Aug-2021,46350,1.55%,
22-May-2019,8090.25,1.55%,
08-Sep-2019,10518.54,1.55%,
20-Apr-2022,41289.91,1.55%,
27-Apr-2023,28414,1.55%,
19-Jan-2022,42381.01,1.56%,
16-May-2023,27351.67,1.56%,
04-Dec-2020,19460.75,1.58%,
02-Oct-2019,8366.89,1.58%,
02-May-2021,57719.35,1.58%,
30-Jan-2022,38391,1.58%,
07-Dec-2021,50104.35,1.59%,
30-Oct-2021,62379.71,1.59%,
03-Apr-2018,6937.21,1.59%,
21-Feb-2021,56518.48,1.59%,
14-Apr-2019,5123.8,1.60%,
19-Apr-2019,5308.5,1.62%,
30-Nov-2022,16458,1.62%,
07-Apr-2019,5078.53,1.62%,
09-Mar-2021,51888.64,1.63%,
16-Apr-2021,63398.46,1.63%,
26-Aug-2018,6716,1.63%,
20-Mar-2021,58426.89,1.63%,
19-Sep-2018,6311.19,1.63%,
11-Apr-2022,43111.21,1.64%,
01-Jun-2022,31767.75,1.64%,
25-Feb-2021,48745.82,1.65%,
12-May-2020,8634,1.65%,
08-Jul-2021,34532.38,1.66%,
18-Sep-2022,20079,1.67%,
04-Jan-2018,15027.1,1.67%,
10-Feb-2020,10099.25,1.68%,
10-Jul-2019,12402.25,1.68%,
15-Mar-2023,24641,1.68%,
16-Sep-2020,10870.5,1.68%,
08-Aug-2019,11859.55,1.69%,
25-Jul-2022,22707.62,1.70%,
11-Jan-2023,17471.75,1.70%,
20-Jun-2021,36104.3,1.72%,
21-Feb-2023,24774.25,1.72%,
23-Sep-2022,19246,1.72%,
09-Jun-2020,9701.86,1.74%,
24-Aug-2022,21486.75,1.75%,
29-May-2023,27595,1.75%,
27-Mar-2023,27860.75,1.75%,
09-Mar-2022,38492.87,1.76%,
01-Aug-2020,11341.8,1.76%,
02-Mar-2023,23557,1.77%,
21-Dec-2022,16880,1.77%,
03-May-2019,5403.97,1.78%,
16-Mar-2022,39417.18,1.79%,
24-Aug-2019,10360.03,1.79%,
26-Nov-2019,7203.5,1.79%,
22-Feb-2021,57531.19,1.79%,
11-Mar-2020,7994.39,1.80%,
27-Aug-2019,10261.5,1.80%,
12-Jun-2021,37132.84,1.80%,
27-May-2019,8016.1,1.81%,
14-Jun-2019,8267.1,1.81%,
03-May-2018,9179.9,1.81%,
16-Dec-2021,49170.22,1.81%,
12-Dec-2021,48795.42,1.82%,
25-Jan-2018,11204.47,1.83%,
20-Sep-2020,11088.13,1.84%,
11-Aug-2020,11854.11,1.85%,
06-Jan-2020,7461.5,1.85%,
27-Sep-2018,6497.35,1.86%,
09-Jul-2020,9426.08,1.87%,
01-Sep-2018,7044.5,1.88%,
10-Jan-2021,40857.4,1.91%,
04-Oct-2021,48939.75,1.91%,
26-Apr-2023,27979,1.92%,
05-Apr-2020,6871.65,1.92%,
24-Dec-2018,3956.07,1.93%,
12-Jul-2021,33973.59,1.95%,
29-Apr-2022,39872.33,1.95%,
02-Jun-2020,9679.2,1.96%,
29-Aug-2020,11502.91,1.97%,
23-Apr-2018,8949.41,1.97%,
09-May-2020,10000,1.97%,
03-Jun-2022,30212.22,1.98%,
07-Nov-2020,15547.14,1.98%,
15-Apr-2018,8067.64,1.99%,
06-Aug-2022,22962.23,2.00%,
27-Jul-2020,9930.81,2.00%,
23-Apr-2019,5368.86,2.00%,
22-Jun-2022,20840.5,2.00%,
23-Dec-2019,7308.71,2.03%,
18-Oct-2020,11542,2.03%,
17-Mar-2019,3978.4,2.03%,
13-Nov-2020,16153.31,2.04%,
23-May-2022,29991.79,2.07%,
05-Nov-2020,14021.01,2.07%,
08-Nov-2021,62485.41,2.08%,
09-Oct-2020,10893.53,2.09%,
19-Aug-2019,10398,2.09%,
31-Jan-2020,9545.14,2.09%,
16-Aug-2019,10368,2.09%,
27-Mar-2020,6741.29,2.09%,
30-Oct-2020,13498.46,2.09%,
20-Mar-2023,27980,2.10%,
15-May-2018,8810.09,2.10%,
04-Oct-2022,19599,2.10%,
05-Jun-2020,9785.36,2.10%,
13-Dec-2018,3441.25,2.11%,
18-Oct-2022,19536.5,2.11%,
23-Oct-2020,13127.38,2.12%,
02-Sep-2018,7193.83,2.12%,
13-May-2020,8817.13,2.12%,
19-Sep-2021,47964.52,2.12%,
09-Dec-2022,17184,2.12%,
12-Mar-2023,20527,2.13%,
01-Aug-2021,41535.38,2.13%,
08-Sep-2022,19384,2.13%,
10-Jul-2021,33521.78,2.14%,
15-Jun-2019,8444.9,2.15%,
24-Nov-2022,16472,2.15%,
09-Dec-2019,7530.7,2.15%,
27-Jan-2020,8550.76,2.16%,
12-Apr-2021,59835.75,2.16%,
19-Mar-2023,27405,2.16%,
03-Jun-2018,7606.05,2.16%,
29-Mar-2019,4089.9,2.17%,
17-Feb-2018,10082.33,2.17%,
13-Jan-2021,34678.65,2.20%,
13-Feb-2021,47958.37,2.20%,
03-Jul-2019,10705.25,2.21%,
09-Nov-2020,15582.91,2.22%,
13-Jan-2018,13763,2.22%,
06-May-2023,29526,2.23%,
30-Mar-2021,57241.15,2.24%,
30-Jul-2020,11223.25,2.24%,
23-Feb-2022,37900.5,2.25%,
28-Mar-2019,4003.18,2.26%,
10-Aug-2019,11854,2.27%,
27-Aug-2020,11513.25,2.27%,
22-Jul-2020,9380.45,2.29%,
24-Aug-2021,49503.25,2.29%,
05-Jul-2021,35515.63,2.29%,
09-May-2021,59009.03,2.30%,
14-Mar-2019,3953.1,2.30%,
12-Jan-2022,42680.03,2.31%,
24-Jul-2020,9595.83,2.32%,
13-Sep-2019,10328.5,2.33%,
25-Feb-2022,38412.21,2.34%,
26-Jul-2019,9870.5,2.34%,
16-Sep-2021,47926.16,2.37%,
31-Jul-2021,40668.17,2.37%,
20-Oct-2020,11739.62,2.38%,
18-Mar-2019,4073.4,2.39%,
04-Mar-2018,11290.43,2.39%,
06-Mar-2021,49039.86,2.39%,
09-Aug-2020,11852.75,2.40%,
10-Nov-2021,67709.28,2.40%,
02-Nov-2020,13823.08,2.40%,
14-Apr-2018,7910,2.41%,
29-Jun-2020,9160,2.41%,
05-Apr-2023,28260.5,2.42%,
18-Mar-2021,57750,2.43%,
16-Oct-2018,6388.12,2.43%,
13-Mar-2023,21027,2.44%,
09-Apr-2019,5250.97,2.45%,
13-Jun-2019,8120.19,2.46%,
01-May-2019,5251.7,2.46%,
19-Jul-2022,21488,2.46%,
20-Jan-2019,3701.72,2.47%,
31-Mar-2021,58665.71,2.49%,
11-Mar-2019,3987,2.49%,
23-Feb-2020,9910.05,2.49%,
19-Jan-2018,11639.03,2.50%,
18-Jan-2020,8904.14,2.51%,
19-Mar-2022,41744.29,2.52%,
18-Jun-2019,9300,2.53%,
10-Sep-2020,10262,2.53%,
25-Jun-2022,21318.97,2.53%,
19-Apr-2020,7241.6,2.55%,
04-Jun-2021,38701.82,2.55%,
26-Jan-2021,32690.1,2.55%,
24-Nov-2021,57707.97,2.56%,
30-Jan-2023,23596,2.56%,
09-Apr-2021,57666.75,2.57%,
14-May-2018,8629.01,2.57%,
08-May-2019,5839.25,2.57%,
06-Feb-2022,41692.75,2.58%,
03-Jun-2019,8680.37,2.58%,
28-Apr-2022,39109.25,2.59%,
29-Oct-2022,20937,2.59%,
13-Jan-2022,43791.18,2.60%,
14-Sep-2018,6469.33,2.61%,
29-Sep-2022,19569,2.61%,
07-Jul-2020,9275.03,2.61%,
28-Feb-2021,46857.75,2.62%,
24-Jul-2018,7705.92,2.63%,
26-Nov-2021,58843.86,2.65%,
03-Sep-2021,49550.91,2.66%,
25-Sep-2022,19127,2.66%,
20-Aug-2019,10675.5,2.67%,
22-Nov-2018,4450,2.67%,
30-Nov-2019,7766,2.67%,
06-Dec-2019,7372,2.68%,
02-Sep-2021,48267.16,2.69%,
21-May-2018,8512.73,2.70%,
01-Jun-2018,7531.26,2.71%,
25-Dec-2018,4064.32,2.74%,
11-Apr-2018,6837.05,2.75%,
19-May-2019,7288.25,2.77%,
11-Nov-2019,9034.88,2.78%,
27-Oct-2022,20752,2.78%,
25-Nov-2020,18949.05,2.81%,
05-Jul-2022,19750.75,2.84%,
12-Nov-2020,15829.75,2.86%,
08-Oct-2019,8217.5,2.86%,
15-Feb-2023,22255,2.88%,
12-May-2021,56902.4,2.88%,
25-Aug-2018,6608.31,2.89%,
20-Feb-2018,11064.07,2.89%,
10-Aug-2018,6494.5,2.90%,
21-Oct-2021,65992.78,2.90%,
14-Oct-2021,56969.58,2.91%,
08-Aug-2021,43972.18,2.92%,
24-Sep-2021,44705.75,2.92%,
04-Sep-2019,10712.5,2.93%,
06-Aug-2021,40896,2.93%,
28-Nov-2018,3766,2.93%,
14-Jan-2018,14170.43,2.96%,
25-May-2019,8108,2.96%,
09-Apr-2020,7324.75,2.97%,
29-May-2020,9442.25,3.00%,
17-Jun-2019,9070.93,3.00%,
27-May-2021,38755.25,3.00%,
02-Sep-2020,12027,3.00%,
26-Jan-2023,23591,3.01%,
01-Oct-2019,8236.75,3.02%,
13-Dec-2021,50269.89,3.02%,
05-Nov-2019,9438.5,3.02%,
22-Apr-2018,8776.57,3.03%,
06-Apr-2019,4997.37,3.04%,
05-Jul-2019,11723,3.05%,
16-Jul-2019,10799,3.05%,
08-May-2021,57683.25,3.07%,
21-Nov-2021,59638.24,3.08%,
16-Apr-2018,8316.21,3.08%,
15-Feb-2021,48644.78,3.09%,
16-Nov-2022,16889.5,3.09%,
16-Jan-2018,13918.91,3.10%,
10-May-2019,6081.8,3.11%,
16-May-2022,30260.8,3.13%,
28-Sep-2018,6701.7,3.15%,
15-Dec-2021,48294.04,3.15%,
07-Sep-2021,51922.75,3.15%,
23-Nov-2022,16125,3.17%,
02-Feb-2023,23683,3.19%,
22-Aug-2022,21481.25,3.21%,
13-Aug-2020,11572.12,3.25%,
17-Mar-2018,8516.33,3.25%,
19-Apr-2023,30420,3.26%,
17-Apr-2019,5185,3.27%,
23-Apr-2020,7116.25,3.27%,
11-Aug-2022,23910.5,3.30%,
10-Sep-2018,6375.49,3.31%,
09-Feb-2020,9932.86,3.34%,
19-Jun-2018,6726.78,3.36%,
31-Aug-2020,11662,3.38%,
09-Jul-2018,6745,3.39%,
19-Apr-2018,8187.13,3.40%,
24-Mar-2023,28333,3.41%,
14-Dec-2022,17763.25,3.42%,
23-Mar-2022,42597.83,3.43%,
11-May-2019,6291.06,3.44%,
06-Jul-2022,20430.55,3.44%,
21-Apr-2018,8518.61,3.44%,
11-Jun-2019,7949,3.46%,
30-Jan-2020,9350,3.47%,
07-May-2020,9250,3.48%,
28-Mar-2021,55900.78,3.48%,
21-Nov-2020,18582,3.49%,
28-May-2020,9167.45,3.49%,
20-May-2022,30232.98,3.52%,
25-Mar-2018,8923.44,3.55%,
06-Mar-2019,3832.04,3.58%,
11-Jan-2020,8069.76,3.58%,
23-Jun-2020,9641.66,3.59%,
12-Apr-2023,30194,3.60%,
12-Oct-2021,57334.49,3.61%,
25-Mar-2022,43897.03,3.62%,
02-Jul-2022,19403.06,3.63%,
28-Apr-2021,55194.32,3.64%,
15-Sep-2021,46818.89,3.64%,
03-May-2020,10000,3.65%,
24-Dec-2021,50853.68,3.66%,
26-Oct-2021,62526.01,3.68%,
28-Feb-2018,10761.03,3.69%,
18-Aug-2018,6479.99,3.69%,
09-Aug-2022,24068.84,3.69%,
03-May-2023,28695,3.71%,
24-Apr-2019,5568.3,3.71%,
02-Mar-2018,10925.1,3.72%,
12-Aug-2018,6415.97,3.75%,
02-Aug-2019,10406.5,3.77%,
30-May-2018,7496.73,3.78%,
12-Feb-2020,10234.75,3.79%,
05-Oct-2022,20343,3.80%,
20-Dec-2018,3668.1,3.81%,
06-May-2021,56858.73,3.85%,
15-May-2020,9656.5,3.88%,
07-Jul-2019,11457.74,3.89%,
27-Mar-2021,54018.61,3.90%,
22-Jun-2019,9933.88,3.90%,
13-Sep-2022,22398,3.91%,
11-Apr-2023,29145,3.91%,
03-Jun-2021,37739.05,3.91%,
21-Oct-2019,8151,3.91%,
01-Dec-2022,17103,3.92%,
18-May-2020,9748.47,3.93%,
03-Nov-2021,63124.31,3.94%,
30-Mar-2023,28392,3.96%,
29-Apr-2018,9326.79,3.98%,
22-Jan-2023,23206,3.98%,
25-Sep-2020,10632.4,4.01%,
28-Aug-2021,48915.33,4.01%,
22-Mar-2020,6333.23,4.03%,
15-Jan-2021,38772.4,4.04%,
30-Jan-2021,34601.81,4.04%,
10-Aug-2021,45442.55,4.11%,
06-Mar-2018,11558.53,4.12%,
15-Jan-2019,3662.42,4.13%,
18-Aug-2020,12324.5,4.15%,
15-Sep-2020,10690.91,4.17%,
16-Feb-2022,44009.75,4.18%,
14-Jun-2021,37506.39,4.18%,
25-Jan-2022,36814.44,4.18%,
02-Feb-2021,33656.99,4.19%,
26-Oct-2022,20191,4.21%,
12-Feb-2021,46925,4.23%,
29-Oct-2021,61401.75,4.23%,
06-Aug-2020,11691.54,4.24%,
08-Feb-2018,8084.72,4.25%,
03-Jul-2018,6587.62,4.25%,
16-Jun-2019,8806.75,4.28%,
28-Apr-2023,29632,4.29%,
17-Apr-2020,7057.49,4.29%,
26-Dec-2020,24412.6,4.32%,
21-Jun-2019,9560.75,4.33%,
30-Jun-2021,36148.75,4.33%,
14-May-2022,29765.83,4.34%,
14-Apr-2022,41264,4.38%,
05-Aug-2021,39733.39,4.39%,
06-Mar-2020,9111.37,4.42%,
29-Jan-2022,37792.4,4.42%,
25-Jul-2021,33935.75,4.44%,
21-Aug-2021,48653.93,4.44%,
02-Aug-2020,11848.5,4.47%,
07-Aug-2021,42724.49,4.47%,
03-Jan-2019,3883.26,4.47%,
20-Oct-2021,64130.46,4.50%,
28-Jun-2021,32712.65,4.53%,
22-Dec-2021,49100.25,4.53%,
28-Oct-2020,13615.91,4.53%,
21-May-2021,40061.2,4.57%,
04-Feb-2021,37306.25,4.60%,
20-Aug-2021,46583.75,4.60%,
08-Jun-2019,8043.25,4.61%,
28-Oct-2019,9672.75,4.61%,
04-Aug-2019,10885.29,4.63%,
26-Jun-2019,11360.62,4.64%,
10-Feb-2018,8540.21,4.65%,
10-Mar-2021,54305.5,4.66%,
17-Mar-2022,41253.81,4.66%,
20-Dec-2020,24004.08,4.76%,
24-Jun-2022,20792.73,4.78%,
13-Apr-2020,7119.83,4.78%,
04-Jul-2021,34718.97,4.79%,
11-Mar-2021,56912.83,4.80%,
07-Jun-2022,31429.27,4.85%,
12-Oct-2020,11422.32,4.85%,
17-Jul-2018,6661.19,4.86%,
28-Jan-2020,8969.6,4.90%,
06-Oct-2021,51407,4.93%,
14-Dec-2020,19265.03,4.99%,
29-Jul-2021,39943.73,5.00%,
16-Aug-2018,6374.99,5.02%,
04-Jan-2020,7307.58,5.06%,
08-Mar-2021,51057.91,5.07%,
17-Nov-2020,16705.7,5.08%,
07-Jun-2023,26953,5.11%,
01-Aug-2019,10028.25,5.13%,
15-Jul-2022,20670.25,5.17%,
04-May-2018,9654.87,5.17%,
22-Sep-2018,6706,5.19%,
14-Jan-2023,19812.31,5.21%,
04-May-2019,5686.25,5.22%,
03-Mar-2020,8941.51,5.30%,
19-Feb-2020,10153.52,5.33%,
05-May-2022,39800.04,5.40%,
02-Mar-2022,43890.01,5.40%,
29-Aug-2018,7084.07,5.40%,
25-Mar-2020,6751.94,5.40%,
14-May-2020,9295.61,5.43%,
29-Jul-2022,24029.84,5.45%,
25-Jun-2021,34861.5,5.46%,
14-Apr-2021,63220.25,5.48%,
15-Jan-2023,20902,5.50%,
31-May-2021,36144.79,5.51%,
10-Oct-2019,8579.81,5.56%,
18-Nov-2020,17636.9,5.57%,
01-Oct-2021,43431.36,5.59%,
05-Nov-2022,21383,5.66%,
25-Apr-2018,9444.89,5.69%,
21-Feb-2018,11700.02,5.75%,
16-May-2019,8164.81,5.76%,
28-Jan-2018,11546.92,5.76%,
21-Mar-2018,8914.66,5.77%,
09-Nov-2021,66122.59,5.82%,
08-Feb-2022,44100.17,5.84%,
10-Feb-2021,47331.6,5.85%,
24-Apr-2020,7536.36,5.90%,
07-Jan-2019,4063.08,5.91%,
07-Feb-2021,40101,5.92%,
29-Jun-2021,34650.05,5.92%,
08-Jan-2020,8020,5.93%,
03-Feb-2021,35667.11,5.97%,
02-Dec-2018,4169.32,5.99%,
08-Apr-2018,6995.57,6.00%,
18-Jan-2018,11355.01,6.01%,
08-May-2020,9806.41,6.02%,
08-Jan-2018,15850.01,6.02%,
06-Feb-2020,9689,6.04%,
28-Nov-2019,7546.12,6.07%,
24-Feb-2019,4178.46,6.07%,
31-Mar-2020,6477.8,6.08%,
08-Jul-2022,21615,6.11%,
30-Nov-2020,18103.75,6.13%,
23-Sep-2021,43436.92,6.15%,
15-Jun-2021,39847.49,6.24%,
16-Feb-2018,9868.27,6.25%,
03-Apr-2020,6742.87,6.26%,
04-Jul-2019,11376.5,6.27%,
07-Jan-2021,35942.15,6.29%,
24-Jan-2018,11003.38,6.31%,
15-Jun-2018,6658.03,6.38%,
24-Mar-2020,6405.78,6.39%,
09-Jul-2019,12197.65,6.43%,
22-Jul-2021,31779.04,6.43%,
07-Apr-2020,7242,6.46%,
13-Jul-2019,11879,6.51%,
21-Jan-2023,22318,6.56%,
04-Apr-2018,7395.13,6.60%,
29-Mar-2022,47967.63,6.72%,
25-Jul-2018,8225,6.74%,
04-Feb-2018,9145.91,6.82%,
23-Jan-2021,33311.02,6.83%,
07-Oct-2021,54925.69,6.84%,
01-Mar-2022,41642.63,6.85%,
20-Feb-2021,55631.74,6.89%,
17-Jan-2021,38772.4,6.96%,
14-Aug-2021,47614.16,7.06%,
01-Dec-2020,19384.5,7.07%,
06-Aug-2019,11718.83,7.09%,
01-May-2021,56821.18,7.23%,
31-May-2022,31254.5,7.23%,
13-Jan-2023,18831,7.25%,
27-Apr-2021,53257.07,7.26%,
29-Jan-2021,33257.55,7.28%,
04-Mar-2021,50951.5,7.41%,
09-Feb-2019,3607.67,7.43%,
31-Dec-2020,28896.96,7.45%,
13-Feb-2018,8823.6,7.46%,
14-Jan-2021,37267.58,7.47%,
15-Jan-2020,8747.25,7.49%,
18-Dec-2020,22793.58,7.50%,
18-Feb-2018,10838.89,7.50%,
23-Jun-2019,10697,7.68%,
01-Jul-2018,6356.43,7.75%,
19-Dec-2019,7133.25,7.79%,
18-Feb-2021,52400.45,7.84%,
22-Oct-2020,12855,7.96%,
14-Mar-2021,61584.4,8.13%,
23-May-2021,38072.35,8.13%,
30-Nov-2021,58324.25,8.16%,
03-Sep-2019,10408.02,8.24%,
10-Jun-2021,36396.96,8.25%,
18-Mar-2023,26826,8.38%,
20-Jul-2022,23299.47,8.43%,
28-Jul-2022,22787.5,8.62%,
16-Feb-2023,24176,8.63%,
10-Dec-2018,3556.52,8.65%,
29-Dec-2018,3893,8.71%,
15-Feb-2018,9287.92,8.73%,
06-Nov-2020,15245.12,8.73%,
10-Mar-2022,41882.61,8.81%,
21-Dec-2018,3992.7,8.85%,
16-Oct-2021,62512.35,8.85%,
06-Jan-2021,33813.69,8.99%,
12-Mar-2018,9633.39,9.03%,
17-Dec-2020,21202.6,9.09%,
28-May-2019,8748.25,9.13%,
07-Feb-2018,7755.08,9.18%,
18-Dec-2018,3489.85,9.19%,
27-Dec-2020,26676.5,9.27%,
02-May-2020,9648,9.35%,
20-May-2019,7978.05,9.46%,
03-Jan-2018,14780.86,9.48%,
10-Sep-2022,21173,9.51%,
19-Jul-2019,10616.98,9.56%,
27-Jul-2021,37730.82,9.57%,
28-Jul-2020,10889.02,9.65%,
18-Jul-2018,7309.49,9.73%,
05-Feb-2022,40645.75,9.96%,
29-Jun-2019,11746,9.97%,
04-Apr-2019,5298.15,10.36%,
08-Jan-2021,39712.12,10.49%,
27-Feb-2018,10378.52,10.75%,
02-Oct-2021,48124.18,10.81%,
19-Feb-2019,3961.9,10.84%,
12-May-2019,6974,10.86%,
14-May-2019,7861.99,11.17%,
18-Mar-2020,5464.78,11.62%,
29-Nov-2018,4215.08,11.92%,
27-Jun-2019,12723.75,12.00%,
13-Apr-2018,7723.94,12.10%,
11-Nov-2022,17796,12.56%,
20-Mar-2018,8428.4,12.67%,6
02-Mar-2021,48858.83,13.16%,1
04-Jan-2021,32909.14,13.53%,11
20-Jun-2022,20213,13.68%,2
21-Jan-2018,12920.31,13.84%,1
14-Mar-2023,24234,15.25%,1
30-Apr-2020,8930.25,15.69%,4
03-Apr-2019,4800.91,16.35%,1
20-Mar-2020,6252.74,17.21%,1
09-Feb-2021,44714.11,17.97%,10
25-May-2021,39024.88,19.79%,4
26-Oct-2019,9674.25,29.74%,0